"","Season","Team","Roster Continuity"
"1","2017-18","ATL",0.51
"2","2016-17","ATL",0.68
"3","2015-16","ATL",0.87
"4","2014-15","ATL",0.88
"5","2013-14","ATL",0.53
"6","2012-13","ATL",0.52
"7","2011-12","ATL",0.72
"8","2010-11","ATL",0.88
"9","2009-10","ATL",0.8
"10","2008-09","ATL",0.79
"11","2007-08","ATL",0.76
"12","2006-07","ATL",0.72
"13","2005-06","ATL",0.5
"14","2004-05","ATL",0.11
"15","2003-04","ATL",0.52
"16","2002-03","ATL",0.74
"17","2001-02","ATL",0.61
"18","2000-01","ATL",0.64
"19","1999-00","ATL",0.45
"20","1998-99","ATL",0.68
"21","1997-98","ATL",0.86
"22","1996-97","ATL",0.5
"23","1995-96","ATL",0.78
"24","1994-95","ATL",0.53
"25","1993-94","ATL",0.71
"26","1992-93","ATL",0.73
"27","1991-92","ATL",0.5
"28","1990-91","ATL",0.87
"29","1989-90","ATL",0.73
"30","1988-89","ATL",0.68
"31","1987-88","ATL",0.99
"32","1986-87","ATL",0.9
"33","1985-86","ATL",0.77
"34","1984-85","ATL",0.71
"35","1983-84","ATL",0.78
"36","1982-83","ATL",0.73
"37","1981-82","ATL",0.73
"38","1980-81","ATL",0.82
"39","1979-80","ATL",0.92
"40","1978-79","ATL",0.69
"41","1977-78","ATL",0.47
"42","1976-77","ATL",0.43
"43","1975-76","ATL",0.83
"44","1974-75","ATL",0.38
"45","1973-74","ATL",0.79
"46","1972-73","ATL",0.89
"47","1971-72","ATL",0.5
"48","1970-71","ATL",0.7
"49","1969-70","ATL",0.79
"50","1968-69","ATL",0.83
"51","1967-68","ATL",0.91
"52","1966-67","ATL",0.82
"53","1965-66","ATL",0.79
"54","1964-65","ATL",0.9
"55","1963-64","ATL",0.87
"56","1962-63","ATL",0.42
"57","1961-62","ATL",0.73
"58","1960-61","ATL",0.71
"59","1959-60","ATL",0.76
"60","1958-59","ATL",0.76
"61","1957-58","ATL",0.89
"62","1956-57","ATL",0.58
"63","1955-56","ATL",0.52
"64","1954-55","ATL",0.47
"65","1953-54","ATL",0.27
"66","1952-53","ATL",0.27
"67","2017-18","BOS",0.41
"68","2016-17","BOS",0.79
"69","2015-16","BOS",0.85
"70","2014-15","BOS",0.5
"71","2013-14","BOS",0.59
"72","2012-13","BOS",0.53
"73","2011-12","BOS",0.65
"74","2010-11","BOS",0.76
"75","2009-10","BOS",0.79
"76","2008-09","BOS",0.94
"77","2007-08","BOS",0.5
"78","2006-07","BOS",0.75
"79","2005-06","BOS",0.72
"80","2004-05","BOS",0.67
"81","2003-04","BOS",0.5
"82","2002-03","BOS",0.78
"83","2001-02","BOS",0.79
"84","2000-01","BOS",0.65
"85","1999-00","BOS",0.68
"86","1998-99","BOS",0.61
"87","1997-98","BOS",0.37
"88","1996-97","BOS",0.69
"89","1995-96","BOS",0.66
"90","1994-95","BOS",0.49
"91","1993-94","BOS",0.77
"92","1992-93","BOS",0.82
"93","1991-92","BOS",0.77
"94","1990-91","BOS",0.75
"95","1989-90","BOS",0.89
"96","1988-89","BOS",0.74
"97","1987-88","BOS",0.79
"98","1986-87","BOS",0.9
"99","1985-86","BOS",0.8
"100","1984-85","BOS",0.97
"101","1983-84","BOS",0.85
"102","1982-83","BOS",0.89
"103","1981-82","BOS",0.95
"104","1980-81","BOS",0.79
"105","1979-80","BOS",0.65
"106","1978-79","BOS",0.48
"107","1977-78","BOS",0.73
"108","1976-77","BOS",0.69
"109","1975-76","BOS",0.79
"110","1974-75","BOS",0.91
"111","1973-74","BOS",0.98
"112","1972-73","BOS",0.84
"113","1971-72","BOS",0.99
"114","1970-71","BOS",0.72
"115","1969-70","BOS",0.8
"116","1968-69","BOS",0.88
"117","1967-68","BOS",0.89
"118","1966-67","BOS",0.8
"119","1965-66","BOS",0.88
"120","1964-65","BOS",0.91
"121","1963-64","BOS",0.9
"122","1962-63","BOS",0.84
"123","1961-62","BOS",0.94
"124","1960-61","BOS",0.94
"125","1959-60","BOS",0.93
"126","1958-59","BOS",0.89
"127","1957-58","BOS",0.97
"128","1956-57","BOS",0.61
"129","1955-56","BOS",0.66
"130","1954-55","BOS",0.65
"131","1953-54","BOS",0.87
"132","1952-53","BOS",0.95
"133","2017-18","CHA",0.73
"134","2016-17","CHA",0.8
"135","2015-16","CHA",0.51
"136","2014-15","CHA",0.61
"137","2013-14","CHA",0.64
"138","2012-13","CHA",0.49
"139","2011-12","CHA",0.57
"140","2010-11","CHA",0.7
"141","2009-10","CHA",0.59
"142","2008-09","CHA",0.52
"143","2007-08","CHA",0.66
"144","2006-07","CHA",0.72
"145","2005-06","CHA",0.66
"146","2004-05","CHA",NA
"147","2003-04","CHA",NA
"148","2002-03","CHA",NA
"149","2001-02","CHA",0.79
"150","2000-01","CHA",0.55
"151","1999-00","CHA",0.67
"152","1998-99","CHA",0.36
"153","1997-98","CHA",0.58
"154","1996-97","CHA",0.51
"155","1995-96","CHA",0.45
"156","1994-95","CHA",0.82
"157","1993-94","CHA",0.66
"158","1992-93","CHA",0.73
"159","1991-92","CHA",0.74
"160","1990-91","CHA",0.64
"161","1989-90","CHA",0.56
"162","1988-89","CHA",NA
"163","1987-88","CHA",NA
"164","1986-87","CHA",NA
"165","1985-86","CHA",NA
"166","1984-85","CHA",NA
"167","1983-84","CHA",NA
"168","1982-83","CHA",NA
"169","1981-82","CHA",NA
"170","1980-81","CHA",NA
"171","1979-80","CHA",NA
"172","1978-79","CHA",NA
"173","1977-78","CHA",NA
"174","1976-77","CHA",NA
"175","1975-76","CHA",NA
"176","1974-75","CHA",NA
"177","1973-74","CHA",NA
"178","1972-73","CHA",NA
"179","1971-72","CHA",NA
"180","1970-71","CHA",NA
"181","1969-70","CHA",NA
"182","1968-69","CHA",NA
"183","1967-68","CHA",NA
"184","1966-67","CHA",NA
"185","1965-66","CHA",NA
"186","1964-65","CHA",NA
"187","1963-64","CHA",NA
"188","1962-63","CHA",NA
"189","1961-62","CHA",NA
"190","1960-61","CHA",NA
"191","1959-60","CHA",NA
"192","1958-59","CHA",NA
"193","1957-58","CHA",NA
"194","1956-57","CHA",NA
"195","1955-56","CHA",NA
"196","1954-55","CHA",NA
"197","1953-54","CHA",NA
"198","1952-53","CHA",NA
"199","2017-18","CHI",0.51
"200","2016-17","CHI",0.46
"201","2015-16","CHI",0.9
"202","2014-15","CHI",0.64
"203","2013-14","CHI",0.69
"204","2012-13","CHI",0.63
"205","2011-12","CHI",0.93
"206","2010-11","CHI",0.49
"207","2009-10","CHI",0.72
"208","2008-09","CHI",0.73
"209","2007-08","CHI",0.76
"210","2006-07","CHI",0.65
"211","2005-06","CHI",0.82
"212","2004-05","CHI",0.46
"213","2003-04","CHI",0.49
"214","2002-03","CHI",0.69
"215","2001-02","CHI",0.45
"216","2000-01","CHI",0.47
"217","1999-00","CHI",0.28
"218","1998-99","CHI",0.58
"219","1997-98","CHI",0.92
"220","1996-97","CHI",0.97
"221","1995-96","CHI",0.81
"222","1994-95","CHI",0.8
"223","1993-94","CHI",0.57
"224","1992-93","CHI",0.86
"225","1991-92","CHI",0.96
"226","1990-91","CHI",0.89
"227","1989-90","CHI",0.83
"228","1988-89","CHI",0.77
"229","1987-88","CHI",0.71
"230","1986-87","CHI",0.66
"231","1985-86","CHI",0.44
"232","1984-85","CHI",0.72
"233","1983-84","CHI",0.71
"234","1982-83","CHI",0.52
"235","1981-82","CHI",0.89
"236","1980-81","CHI",0.7
"237","1979-80","CHI",0.45
"238","1978-79","CHI",0.65
"239","1977-78","CHI",0.79
"240","1976-77","CHI",0.5
"241","1975-76","CHI",0.72
"242","1974-75","CHI",0.64
"243","1973-74","CHI",0.96
"244","1972-73","CHI",0.82
"245","1971-72","CHI",0.73
"246","1970-71","CHI",0.75
"247","1969-70","CHI",0.67
"248","1968-69","CHI",0.73
"249","1967-68","CHI",0.77
"250","1966-67","CHI",NA
"251","1965-66","CHI",NA
"252","1964-65","CHI",NA
"253","1963-64","CHI",NA
"254","1962-63","CHI",NA
"255","1961-62","CHI",NA
"256","1960-61","CHI",NA
"257","1959-60","CHI",NA
"258","1958-59","CHI",NA
"259","1957-58","CHI",NA
"260","1956-57","CHI",NA
"261","1955-56","CHI",NA
"262","1954-55","CHI",NA
"263","1953-54","CHI",NA
"264","1952-53","CHI",NA
"265","2017-18","CLE",0.53
"266","2016-17","CLE",0.83
"267","2015-16","CLE",0.84
"268","2014-15","CLE",0.39
"269","2013-14","CLE",0.6
"270","2012-13","CLE",0.55
"271","2011-12","CLE",0.64
"272","2010-11","CLE",0.58
"273","2009-10","CLE",0.71
"274","2008-09","CLE",0.78
"275","2007-08","CLE",0.78
"276","2006-07","CLE",0.92
"277","2005-06","CLE",0.63
"278","2004-05","CLE",0.55
"279","2003-04","CLE",0.44
"280","2002-03","CLE",0.55
"281","2001-02","CLE",0.62
"282","2000-01","CLE",0.41
"283","1999-00","CLE",0.67
"284","1998-99","CLE",0.78
"285","1997-98","CLE",0.19
"286","1996-97","CLE",0.87
"287","1995-96","CLE",0.73
"288","1994-95","CLE",0.77
"289","1993-94","CLE",0.78
"290","1992-93","CLE",0.88
"291","1991-92","CLE",0.79
"292","1990-91","CLE",0.73
"293","1989-90","CLE",0.72
"294","1988-89","CLE",0.9
"295","1987-88","CLE",0.77
"296","1986-87","CLE",0.4
"297","1985-86","CLE",0.81
"298","1984-85","CLE",0.68
"299","1983-84","CLE",0.62
"300","1982-83","CLE",0.59
"301","1981-82","CLE",0.35
"302","1980-81","CLE",0.47
"303","1979-80","CLE",0.48
"304","1978-79","CLE",0.81
"305","1977-78","CLE",0.87
"306","1976-77","CLE",0.93
"307","1975-76","CLE",0.9
"308","1974-75","CLE",0.66
"309","1973-74","CLE",0.84
"310","1972-73","CLE",0.53
"311","1971-72","CLE",0.56
"312","1970-71","CLE",NA
"313","1969-70","CLE",NA
"314","1968-69","CLE",NA
"315","1967-68","CLE",NA
"316","1966-67","CLE",NA
"317","1965-66","CLE",NA
"318","1964-65","CLE",NA
"319","1963-64","CLE",NA
"320","1962-63","CLE",NA
"321","1961-62","CLE",NA
"322","1960-61","CLE",NA
"323","1959-60","CLE",NA
"324","1958-59","CLE",NA
"325","1957-58","CLE",NA
"326","1956-57","CLE",NA
"327","1955-56","CLE",NA
"328","1954-55","CLE",NA
"329","1953-54","CLE",NA
"330","1952-53","CLE",NA
"331","2017-18","DAL",0.74
"332","2016-17","DAL",0.5
"333","2015-16","DAL",0.55
"334","2014-15","DAL",0.38
"335","2013-14","DAL",0.48
"336","2012-13","DAL",0.39
"337","2011-12","DAL",0.71
"338","2010-11","DAL",0.79
"339","2009-10","DAL",0.63
"340","2008-09","DAL",0.91
"341","2007-08","DAL",0.75
"342","2006-07","DAL",0.77
"343","2005-06","DAL",0.82
"344","2004-05","DAL",0.51
"345","2003-04","DAL",0.49
"346","2002-03","DAL",0.86
"347","2001-02","DAL",0.7
"348","2000-01","DAL",0.67
"349","1999-00","DAL",0.85
"350","1998-99","DAL",0.67
"351","1997-98","DAL",0.67
"352","1996-97","DAL",0.26
"353","1995-96","DAL",0.86
"354","1994-95","DAL",0.7
"355","1993-94","DAL",0.48
"356","1992-93","DAL",0.63
"357","1991-92","DAL",0.62
"358","1990-91","DAL",0.74
"359","1989-90","DAL",0.96
"360","1988-89","DAL",0.82
"361","1987-88","DAL",0.98
"362","1986-87","DAL",0.89
"363","1985-86","DAL",0.79
"364","1984-85","DAL",0.81
"365","1983-84","DAL",0.85
"366","1982-83","DAL",0.7
"367","1981-82","DAL",0.34
"368","1980-81","DAL",NA
"369","1979-80","DAL",NA
"370","1978-79","DAL",NA
"371","1977-78","DAL",NA
"372","1976-77","DAL",NA
"373","1975-76","DAL",NA
"374","1974-75","DAL",NA
"375","1973-74","DAL",NA
"376","1972-73","DAL",NA
"377","1971-72","DAL",NA
"378","1970-71","DAL",NA
"379","1969-70","DAL",NA
"380","1968-69","DAL",NA
"381","1967-68","DAL",NA
"382","1966-67","DAL",NA
"383","1965-66","DAL",NA
"384","1964-65","DAL",NA
"385","1963-64","DAL",NA
"386","1962-63","DAL",NA
"387","1961-62","DAL",NA
"388","1960-61","DAL",NA
"389","1959-60","DAL",NA
"390","1958-59","DAL",NA
"391","1957-58","DAL",NA
"392","1956-57","DAL",NA
"393","1955-56","DAL",NA
"394","1954-55","DAL",NA
"395","1953-54","DAL",NA
"396","1952-53","DAL",NA
"397","2017-18","DEN",0.8
"398","2016-17","DEN",0.71
"399","2015-16","DEN",0.7
"400","2014-15","DEN",0.62
"401","2013-14","DEN",0.62
"402","2012-13","DEN",0.82
"403","2011-12","DEN",0.64
"404","2010-11","DEN",0.72
"405","2009-10","DEN",0.76
"406","2008-09","DEN",0.66
"407","2007-08","DEN",0.95
"408","2006-07","DEN",0.66
"409","2005-06","DEN",0.84
"410","2004-05","DEN",0.64
"411","2003-04","DEN",0.38
"412","2002-03","DEN",0.38
"413","2001-02","DEN",0.66
"414","2000-01","DEN",0.7
"415","1999-00","DEN",0.57
"416","1998-99","DEN",0.41
"417","1997-98","DEN",0.28
"418","1996-97","DEN",0.55
"419","1995-96","DEN",0.79
"420","1994-95","DEN",0.77
"421","1993-94","DEN",0.82
"422","1992-93","DEN",0.66
"423","1991-92","DEN",0.6
"424","1990-91","DEN",0.41
"425","1989-90","DEN",0.81
"426","1988-89","DEN",0.73
"427","1987-88","DEN",0.76
"428","1986-87","DEN",0.82
"429","1985-86","DEN",0.95
"430","1984-85","DEN",0.53
"431","1983-84","DEN",0.86
"432","1982-83","DEN",0.75
"433","1981-82","DEN",1
"434","1980-81","DEN",0.51
"435","1979-80","DEN",0.63
"436","1978-79","DEN",0.55
"437","1977-78","DEN",0.52
"438","1976-77","DEN",NA
"439","1975-76","DEN",NA
"440","1974-75","DEN",NA
"441","1973-74","DEN",NA
"442","1972-73","DEN",NA
"443","1971-72","DEN",NA
"444","1970-71","DEN",NA
"445","1969-70","DEN",NA
"446","1968-69","DEN",NA
"447","1967-68","DEN",NA
"448","1966-67","DEN",NA
"449","1965-66","DEN",NA
"450","1964-65","DEN",NA
"451","1963-64","DEN",NA
"452","1962-63","DEN",NA
"453","1961-62","DEN",NA
"454","1960-61","DEN",NA
"455","1959-60","DEN",NA
"456","1958-59","DEN",NA
"457","1957-58","DEN",NA
"458","1956-57","DEN",NA
"459","1955-56","DEN",NA
"460","1954-55","DEN",NA
"461","1953-54","DEN",NA
"462","1952-53","DEN",NA
"463","2017-18","DET",0.59
"464","2016-17","DET",0.75
"465","2015-16","DET",0.5
"466","2014-15","DET",0.57
"467","2013-14","DET",0.59
"468","2012-13","DET",0.71
"469","2011-12","DET",0.69
"470","2010-11","DET",0.8
"471","2009-10","DET",0.48
"472","2008-09","DET",0.81
"473","2007-08","DET",0.79
"474","2006-07","DET",0.81
"475","2005-06","DET",0.9
"476","2004-05","DET",0.81
"477","2003-04","DET",0.78
"478","2002-03","DET",0.64
"479","2001-02","DET",0.63
"480","2000-01","DET",0.4
"481","1999-00","DET",0.77
"482","1998-99","DET",0.83
"483","1997-98","DET",0.65
"484","1996-97","DET",0.84
"485","1995-96","DET",0.68
"486","1994-95","DET",0.44
"487","1993-94","DET",0.44
"488","1992-93","DET",0.66
"489","1991-92","DET",0.79
"490","1990-91","DET",0.97
"491","1989-90","DET",0.95
"492","1988-89","DET",0.92
"493","1987-88","DET",0.95
"494","1986-87","DET",0.62
"495","1985-86","DET",0.81
"496","1984-85","DET",0.84
"497","1983-84","DET",0.93
"498","1982-83","DET",0.82
"499","1981-82","DET",0.5
"500","1980-81","DET",0.57
"501","1979-80","DET",0.41
"502","1978-79","DET",0.6
"503","1977-78","DET",0.7
"504","1976-77","DET",0.63
"505","1975-76","DET",0.79
"506","1974-75","DET",0.87
"507","1973-74","DET",0.91
"508","1972-73","DET",0.59
"509","1971-72","DET",0.75
"510","1970-71","DET",0.82
"511","1969-70","DET",0.81
"512","1968-69","DET",0.66
"513","1967-68","DET",0.67
"514","1966-67","DET",0.74
"515","1965-66","DET",0.56
"516","1964-65","DET",0.61
"517","1963-64","DET",0.77
"518","1962-63","DET",0.81
"519","1961-62","DET",0.86
"520","1960-61","DET",0.63
"521","1959-60","DET",0.73
"522","1958-59","DET",0.75
"523","1957-58","DET",0.44
"524","1956-57","DET",0.64
"525","1955-56","DET",0.56
"526","1954-55","DET",0.85
"527","1953-54","DET",0.42
"528","1952-53","DET",0.73
"529","2017-18","GSW",0.81
"530","2016-17","GSW",0.67
"531","2015-16","GSW",0.95
"532","2014-15","GSW",0.8
"533","2013-14","GSW",0.71
"534","2012-13","GSW",0.52
"535","2011-12","GSW",0.47
"536","2010-11","GSW",0.53
"537","2009-10","GSW",0.58
"538","2008-09","GSW",0.56
"539","2007-08","GSW",0.91
"540","2006-07","GSW",0.67
"541","2005-06","GSW",0.88
"542","2004-05","GSW",0.72
"543","2003-04","GSW",0.45
"544","2002-03","GSW",0.85
"545","2001-02","GSW",0.72
"546","2000-01","GSW",0.62
"547","1999-00","GSW",0.51
"548","1998-99","GSW",0.58
"549","1997-98","GSW",0.39
"550","1996-97","GSW",0.68
"551","1995-96","GSW",0.54
"552","1994-95","GSW",0.41
"553","1993-94","GSW",0.74
"554","1992-93","GSW",0.66
"555","1991-92","GSW",0.76
"556","1990-91","GSW",0.83
"557","1989-90","GSW",0.62
"558","1988-89","GSW",0.71
"559","1987-88","GSW",0.52
"560","1986-87","GSW",0.79
"561","1985-86","GSW",0.6
"562","1984-85","GSW",0.66
"563","1983-84","GSW",0.8
"564","1982-83","GSW",0.68
"565","1981-82","GSW",0.83
"566","1980-81","GSW",0.33
"567","1979-80","GSW",0.95
"568","1978-79","GSW",0.56
"569","1977-78","GSW",0.75
"570","1976-77","GSW",0.87
"571","1975-76","GSW",0.86
"572","1974-75","GSW",0.63
"573","1973-74","GSW",0.84
"574","1972-73","GSW",0.75
"575","1971-72","GSW",0.72
"576","1970-71","GSW",0.92
"577","1969-70","GSW",0.76
"578","1968-69","GSW",0.89
"579","1967-68","GSW",0.8
"580","1966-67","GSW",0.74
"581","1965-66","GSW",0.74
"582","1964-65","GSW",0.76
"583","1963-64","GSW",0.84
"584","1962-63","GSW",0.63
"585","1961-62","GSW",0.8
"586","1960-61","GSW",0.85
"587","1959-60","GSW",0.8
"588","1958-59","GSW",0.79
"589","1957-58","GSW",0.7
"590","1956-57","GSW",0.84
"591","1955-56","GSW",0.75
"592","1954-55","GSW",0.68
"593","1953-54","GSW",0.35
"594","1952-53","GSW",0.56
"595","2017-18","HOU",0.59
"596","2016-17","HOU",0.65
"597","2015-16","HOU",0.85
"598","2014-15","HOU",0.48
"599","2013-14","HOU",0.77
"600","2012-13","HOU",0.32
"601","2011-12","HOU",0.73
"602","2010-11","HOU",0.77
"603","2009-10","HOU",0.64
"604","2008-09","HOU",0.74
"605","2007-08","HOU",0.76
"606","2006-07","HOU",0.75
"607","2005-06","HOU",0.54
"608","2004-05","HOU",0.31
"609","2003-04","HOU",0.7
"610","2002-03","HOU",0.69
"611","2001-02","HOU",0.7
"612","2000-01","HOU",0.88
"613","1999-00","HOU",0.35
"614","1998-99","HOU",0.47
"615","1997-98","HOU",0.95
"616","1996-97","HOU",0.46
"617","1995-96","HOU",0.79
"618","1994-95","HOU",0.78
"619","1993-94","HOU",0.84
"620","1992-93","HOU",0.75
"621","1991-92","HOU",0.88
"622","1990-91","HOU",0.73
"623","1989-90","HOU",0.66
"624","1988-89","HOU",0.48
"625","1987-88","HOU",0.67
"626","1986-87","HOU",0.81
"627","1985-86","HOU",0.97
"628","1984-85","HOU",0.55
"629","1983-84","HOU",0.42
"630","1982-83","HOU",0.44
"631","1981-82","HOU",0.84
"632","1980-81","HOU",0.85
"633","1979-80","HOU",0.66
"634","1978-79","HOU",0.81
"635","1977-78","HOU",0.81
"636","1976-77","HOU",0.65
"637","1975-76","HOU",0.81
"638","1974-75","HOU",0.92
"639","1973-74","HOU",0.74
"640","1972-73","HOU",0.46
"641","1971-72","HOU",0.65
"642","1970-71","HOU",0.61
"643","1969-70","HOU",0.88
"644","1968-69","HOU",0.66
"645","1967-68","HOU",NA
"646","1966-67","HOU",NA
"647","1965-66","HOU",NA
"648","1964-65","HOU",NA
"649","1963-64","HOU",NA
"650","1962-63","HOU",NA
"651","1961-62","HOU",NA
"652","1960-61","HOU",NA
"653","1959-60","HOU",NA
"654","1958-59","HOU",NA
"655","1957-58","HOU",NA
"656","1956-57","HOU",NA
"657","1955-56","HOU",NA
"658","1954-55","HOU",NA
"659","1953-54","HOU",NA
"660","1952-53","HOU",NA
"661","2017-18","IND",0.39
"662","2016-17","IND",0.62
"663","2015-16","IND",0.62
"664","2014-15","IND",0.75
"665","2013-14","IND",0.77
"666","2012-13","IND",0.73
"667","2011-12","IND",0.72
"668","2010-11","IND",0.77
"669","2009-10","IND",0.64
"670","2008-09","IND",0.52
"671","2007-08","IND",0.8
"672","2006-07","IND",0.57
"673","2005-06","IND",0.76
"674","2004-05","IND",0.75
"675","2003-04","IND",0.84
"676","2002-03","IND",0.92
"677","2001-02","IND",0.73
"678","2000-01","IND",0.84
"679","1999-00","IND",0.98
"680","1998-99","IND",0.92
"681","1997-98","IND",0.86
"682","1996-97","IND",0.81
"683","1995-96","IND",0.81
"684","1994-95","IND",0.82
"685","1993-94","IND",0.61
"686","1992-93","IND",0.77
"687","1991-92","IND",0.92
"688","1990-91","IND",0.89
"689","1989-90","IND",0.84
"690","1988-89","IND",0.73
"691","1987-88","IND",0.84
"692","1986-87","IND",0.63
"693","1985-86","IND",0.58
"694","1984-85","IND",0.6
"695","1983-84","IND",0.58
"696","1982-83","IND",0.63
"697","1981-82","IND",0.75
"698","1980-81","IND",0.76
"699","1979-80","IND",0.56
"700","1978-79","IND",0.48
"701","1977-78","IND",0.38
"702","1976-77","IND",NA
"703","1975-76","IND",NA
"704","1974-75","IND",NA
"705","1973-74","IND",NA
"706","1972-73","IND",NA
"707","1971-72","IND",NA
"708","1970-71","IND",NA
"709","1969-70","IND",NA
"710","1968-69","IND",NA
"711","1967-68","IND",NA
"712","1966-67","IND",NA
"713","1965-66","IND",NA
"714","1964-65","IND",NA
"715","1963-64","IND",NA
"716","1962-63","IND",NA
"717","1961-62","IND",NA
"718","1960-61","IND",NA
"719","1959-60","IND",NA
"720","1958-59","IND",NA
"721","1957-58","IND",NA
"722","1956-57","IND",NA
"723","1955-56","IND",NA
"724","1954-55","IND",NA
"725","1953-54","IND",NA
"726","1952-53","IND",NA
"727","2017-18","LAC",0.36
"728","2016-17","LAC",0.8
"729","2015-16","LAC",0.61
"730","2014-15","LAC",0.83
"731","2013-14","LAC",0.66
"732","2012-13","LAC",0.55
"733","2011-12","LAC",0.52
"734","2010-11","LAC",0.38
"735","2009-10","LAC",0.66
"736","2008-09","LAC",0.23
"737","2007-08","LAC",0.63
"738","2006-07","LAC",0.82
"739","2005-06","LAC",0.54
"740","2004-05","LAC",0.63
"741","2003-04","LAC",0.63
"742","2002-03","LAC",0.66
"743","2001-02","LAC",0.81
"744","2000-01","LAC",0.54
"745","1999-00","LAC",0.61
"746","1998-99","LAC",0.65
"747","1997-98","LAC",0.71
"748","1996-97","LAC",0.78
"749","1995-96","LAC",0.62
"750","1994-95","LAC",0.42
"751","1993-94","LAC",0.72
"752","1992-93","LAC",0.58
"753","1991-92","LAC",0.77
"754","1990-91","LAC",0.83
"755","1989-90","LAC",0.75
"756","1988-89","LAC",0.57
"757","1987-88","LAC",0.69
"758","1986-87","LAC",0.6
"759","1985-86","LAC",0.62
"760","1984-85","LAC",0.55
"761","1983-84","LAC",0.42
"762","1982-83","LAC",0.42
"763","1981-82","LAC",0.56
"764","1980-81","LAC",0.56
"765","1979-80","LAC",0.73
"766","1978-79","LAC",0.26
"767","1977-78","LAC",0.34
"768","1976-77","LAC",0.54
"769","1975-76","LAC",0.83
"770","1974-75","LAC",0.85
"771","1973-74","LAC",0.4
"772","1972-73","LAC",0.65
"773","1971-72","LAC",0.53
"774","1970-71","LAC",NA
"775","1969-70","LAC",NA
"776","1968-69","LAC",NA
"777","1967-68","LAC",NA
"778","1966-67","LAC",NA
"779","1965-66","LAC",NA
"780","1964-65","LAC",NA
"781","1963-64","LAC",NA
"782","1962-63","LAC",NA
"783","1961-62","LAC",NA
"784","1960-61","LAC",NA
"785","1959-60","LAC",NA
"786","1958-59","LAC",NA
"787","1957-58","LAC",NA
"788","1956-57","LAC",NA
"789","1955-56","LAC",NA
"790","1954-55","LAC",NA
"791","1953-54","LAC",NA
"792","1952-53","LAC",NA
"793","2017-18","LAL",0.41
"794","2016-17","LAL",0.62
"795","2015-16","LAL",0.46
"796","2014-15","LAL",0.44
"797","2013-14","LAL",0.43
"798","2012-13","LAL",0.49
"799","2011-12","LAL",0.79
"800","2010-11","LAL",0.85
"801","2009-10","LAL",0.87
"802","2008-09","LAL",0.95
"803","2007-08","LAL",0.78
"804","2006-07","LAL",0.79
"805","2005-06","LAL",0.7
"806","2004-05","LAL",0.27
"807","2003-04","LAL",0.62
"808","2002-03","LAL",0.93
"809","2001-02","LAL",0.79
"810","2000-01","LAL",0.72
"811","1999-00","LAL",0.69
"812","1998-99","LAL",0.66
"813","1997-98","LAL",0.83
"814","1996-97","LAL",0.49
"815","1995-96","LAL",0.86
"816","1994-95","LAL",0.74
"817","1993-94","LAL",0.68
"818","1992-93","LAL",0.82
"819","1991-92","LAL",0.77
"820","1990-91","LAL",0.74
"821","1989-90","LAL",0.83
"822","1988-89","LAL",0.89
"823","1987-88","LAL",0.96
"824","1986-87","LAL",0.86
"825","1985-86","LAL",0.83
"826","1984-85","LAL",0.98
"827","1983-84","LAL",0.82
"828","1982-83","LAL",0.87
"829","1981-82","LAL",0.83
"830","1980-81","LAL",0.85
"831","1979-80","LAL",0.61
"832","1978-79","LAL",0.84
"833","1977-78","LAL",0.36
"834","1976-77","LAL",0.62
"835","1975-76","LAL",0.5
"836","1974-75","LAL",0.57
"837","1973-74","LAL",0.66
"838","1972-73","LAL",0.79
"839","1971-72","LAL",0.85
"840","1970-71","LAL",0.71
"841","1969-70","LAL",0.6
"842","1968-69","LAL",0.54
"843","1967-68","LAL",0.87
"844","1966-67","LAL",0.65
"845","1965-66","LAL",0.84
"846","1964-65","LAL",0.86
"847","1963-64","LAL",0.86
"848","1962-63","LAL",0.69
"849","1961-62","LAL",0.97
"850","1960-61","LAL",0.82
"851","1959-60","LAL",0.66
"852","1958-59","LAL",0.72
"853","1957-58","LAL",0.44
"854","1956-57","LAL",0.71
"855","1955-56","LAL",0.77
"856","1954-55","LAL",0.89
"857","1953-54","LAL",0.87
"858","1952-53","LAL",0.84
"859","2017-18","MEM",0.56
"860","2016-17","MEM",0.75
"861","2015-16","MEM",0.65
"862","2014-15","MEM",0.85
"863","2013-14","MEM",0.65
"864","2012-13","MEM",0.7
"865","2011-12","MEM",0.72
"866","2010-11","MEM",0.8
"867","2009-10","MEM",0.6
"868","2008-09","MEM",0.49
"869","2007-08","MEM",0.63
"870","2006-07","MEM",0.72
"871","2005-06","MEM",0.63
"872","2004-05","MEM",0.91
"873","2003-04","MEM",0.68
"874","2002-03","MEM",0.61
"875","2001-02","MEM",0.27
"876","2000-01","MEM",0.7
"877","1999-00","MEM",0.52
"878","1998-99","MEM",0.52
"879","1997-98","MEM",0.63
"880","1996-97","MEM",0.39
"881","1995-96","MEM",NA
"882","1994-95","MEM",NA
"883","1993-94","MEM",NA
"884","1992-93","MEM",NA
"885","1991-92","MEM",NA
"886","1990-91","MEM",NA
"887","1989-90","MEM",NA
"888","1988-89","MEM",NA
"889","1987-88","MEM",NA
"890","1986-87","MEM",NA
"891","1985-86","MEM",NA
"892","1984-85","MEM",NA
"893","1983-84","MEM",NA
"894","1982-83","MEM",NA
"895","1981-82","MEM",NA
"896","1980-81","MEM",NA
"897","1979-80","MEM",NA
"898","1978-79","MEM",NA
"899","1977-78","MEM",NA
"900","1976-77","MEM",NA
"901","1975-76","MEM",NA
"902","1974-75","MEM",NA
"903","1973-74","MEM",NA
"904","1972-73","MEM",NA
"905","1971-72","MEM",NA
"906","1970-71","MEM",NA
"907","1969-70","MEM",NA
"908","1968-69","MEM",NA
"909","1967-68","MEM",NA
"910","1966-67","MEM",NA
"911","1965-66","MEM",NA
"912","1964-65","MEM",NA
"913","1963-64","MEM",NA
"914","1962-63","MEM",NA
"915","1961-62","MEM",NA
"916","1960-61","MEM",NA
"917","1959-60","MEM",NA
"918","1958-59","MEM",NA
"919","1957-58","MEM",NA
"920","1956-57","MEM",NA
"921","1955-56","MEM",NA
"922","1954-55","MEM",NA
"923","1953-54","MEM",NA
"924","1952-53","MEM",NA
"925","2017-18","MIA",0.79
"926","2016-17","MIA",0.5
"927","2015-16","MIA",0.65
"928","2014-15","MIA",0.5
"929","2013-14","MIA",0.91
"930","2012-13","MIA",0.82
"931","2011-12","MIA",0.79
"932","2010-11","MIA",0.45
"933","2009-10","MIA",0.78
"934","2008-09","MIA",0.57
"935","2007-08","MIA",0.52
"936","2006-07","MIA",0.92
"937","2005-06","MIA",0.49
"938","2004-05","MIA",0.5
"939","2003-04","MIA",0.44
"940","2002-03","MIA",0.66
"941","2001-02","MIA",0.51
"942","2000-01","MIA",0.45
"943","1999-00","MIA",0.81
"944","1998-99","MIA",0.77
"945","1997-98","MIA",0.84
"946","1996-97","MIA",0.56
"947","1995-96","MIA",0.38
"948","1994-95","MIA",0.54
"949","1993-94","MIA",0.99
"950","1992-93","MIA",0.83
"951","1991-92","MIA",0.85
"952","1990-91","MIA",0.74
"953","1989-90","MIA",0.59
"954","1988-89","MIA",NA
"955","1987-88","MIA",NA
"956","1986-87","MIA",NA
"957","1985-86","MIA",NA
"958","1984-85","MIA",NA
"959","1983-84","MIA",NA
"960","1982-83","MIA",NA
"961","1981-82","MIA",NA
"962","1980-81","MIA",NA
"963","1979-80","MIA",NA
"964","1978-79","MIA",NA
"965","1977-78","MIA",NA
"966","1976-77","MIA",NA
"967","1975-76","MIA",NA
"968","1974-75","MIA",NA
"969","1973-74","MIA",NA
"970","1972-73","MIA",NA
"971","1971-72","MIA",NA
"972","1970-71","MIA",NA
"973","1969-70","MIA",NA
"974","1968-69","MIA",NA
"975","1967-68","MIA",NA
"976","1966-67","MIA",NA
"977","1965-66","MIA",NA
"978","1964-65","MIA",NA
"979","1963-64","MIA",NA
"980","1962-63","MIA",NA
"981","1961-62","MIA",NA
"982","1960-61","MIA",NA
"983","1959-60","MIA",NA
"984","1958-59","MIA",NA
"985","1957-58","MIA",NA
"986","1956-57","MIA",NA
"987","1955-56","MIA",NA
"988","1954-55","MIA",NA
"989","1953-54","MIA",NA
"990","1952-53","MIA",NA
"991","2017-18","MIL",0.77
"992","2016-17","MIL",0.47
"993","2015-16","MIL",0.79
"994","2014-15","MIL",0.67
"995","2013-14","MIL",0.24
"996","2012-13","MIL",0.79
"997","2011-12","MIL",0.58
"998","2010-11","MIL",0.62
"999","2009-10","MIL",0.42
"1000","2008-09","MIL",0.47
"1001","2007-08","MIL",0.6
"1002","2006-07","MIL",0.53
"1003","2005-06","MIL",0.38
"1004","2004-05","MIL",0.65
"1005","2003-04","MIL",0.5
"1006","2002-03","MIL",0.69
"1007","2001-02","MIL",0.81
"1008","2000-01","MIL",0.75
"1009","1999-00","MIL",0.83
"1010","1998-99","MIL",0.6
"1011","1997-98","MIL",0.51
"1012","1996-97","MIL",0.54
"1013","1995-96","MIL",0.63
"1014","1994-95","MIL",0.53
"1015","1993-94","MIL",0.72
"1016","1992-93","MIL",0.39
"1017","1991-92","MIL",0.78
"1018","1990-91","MIL",0.69
"1019","1989-90","MIL",0.69
"1020","1988-89","MIL",0.87
"1021","1987-88","MIL",0.88
"1022","1986-87","MIL",0.69
"1023","1985-86","MIL",0.91
"1024","1984-85","MIL",0.61
"1025","1983-84","MIL",0.8
"1026","1982-83","MIL",0.67
"1027","1981-82","MIL",0.84
"1028","1980-81","MIL",0.8
"1029","1979-80","MIL",0.6
"1030","1978-79","MIL",0.91
"1031","1977-78","MIL",0.61
"1032","1976-77","MIL",0.61
"1033","1975-76","MIL",0.46
"1034","1974-75","MIL",0.61
"1035","1973-74","MIL",0.87
"1036","1972-73","MIL",0.81
"1037","1971-72","MIL",0.73
"1038","1970-71","MIL",0.62
"1039","1969-70","MIL",0.61
"1040","1968-69","MIL",NA
"1041","1967-68","MIL",NA
"1042","1966-67","MIL",NA
"1043","1965-66","MIL",NA
"1044","1964-65","MIL",NA
"1045","1963-64","MIL",NA
"1046","1962-63","MIL",NA
"1047","1961-62","MIL",NA
"1048","1960-61","MIL",NA
"1049","1959-60","MIL",NA
"1050","1958-59","MIL",NA
"1051","1957-58","MIL",NA
"1052","1956-57","MIL",NA
"1053","1955-56","MIL",NA
"1054","1954-55","MIL",NA
"1055","1953-54","MIL",NA
"1056","1952-53","MIL",NA
"1057","2017-18","MIN",0.53
"1058","2016-17","MIN",0.84
"1059","2015-16","MIN",0.67
"1060","2014-15","MIN",0.43
"1061","2013-14","MIN",0.59
"1062","2012-13","MIN",0.54
"1063","2011-12","MIN",0.73
"1064","2010-11","MIN",0.4
"1065","2009-10","MIN",0.46
"1066","2008-09","MIN",0.58
"1067","2007-08","MIN",0.36
"1068","2006-07","MIN",0.73
"1069","2005-06","MIN",0.56
"1070","2004-05","MIN",0.86
"1071","2003-04","MIN",0.27
"1072","2002-03","MIN",0.68
"1073","2001-02","MIN",0.79
"1074","2000-01","MIN",0.73
"1075","1999-00","MIN",0.87
"1076","1998-99","MIN",0.5
"1077","1997-98","MIN",0.8
"1078","1996-97","MIN",0.59
"1079","1995-96","MIN",0.53
"1080","1994-95","MIN",0.51
"1081","1993-94","MIN",0.68
"1082","1992-93","MIN",0.34
"1083","1991-92","MIN",0.83
"1084","1990-91","MIN",0.79
"1085","1989-90","MIN",NA
"1086","1988-89","MIN",NA
"1087","1987-88","MIN",NA
"1088","1986-87","MIN",NA
"1089","1985-86","MIN",NA
"1090","1984-85","MIN",NA
"1091","1983-84","MIN",NA
"1092","1982-83","MIN",NA
"1093","1981-82","MIN",NA
"1094","1980-81","MIN",NA
"1095","1979-80","MIN",NA
"1096","1978-79","MIN",NA
"1097","1977-78","MIN",NA
"1098","1976-77","MIN",NA
"1099","1975-76","MIN",NA
"1100","1974-75","MIN",NA
"1101","1973-74","MIN",NA
"1102","1972-73","MIN",NA
"1103","1971-72","MIN",NA
"1104","1970-71","MIN",NA
"1105","1969-70","MIN",NA
"1106","1968-69","MIN",NA
"1107","1967-68","MIN",NA
"1108","1966-67","MIN",NA
"1109","1965-66","MIN",NA
"1110","1964-65","MIN",NA
"1111","1963-64","MIN",NA
"1112","1962-63","MIN",NA
"1113","1961-62","MIN",NA
"1114","1960-61","MIN",NA
"1115","1959-60","MIN",NA
"1116","1958-59","MIN",NA
"1117","1957-58","MIN",NA
"1118","1956-57","MIN",NA
"1119","1955-56","MIN",NA
"1120","1954-55","MIN",NA
"1121","1953-54","MIN",NA
"1122","1952-53","MIN",NA
"1123","2017-18","NJN",0.51
"1124","2016-17","NJN",0.37
"1125","2015-16","NJN",0.57
"1126","2014-15","NJN",0.62
"1127","2013-14","NJN",0.45
"1128","2012-13","NJN",0.54
"1129","2011-12","NJN",0.54
"1130","2010-11","NJN",0.34
"1131","2009-10","NJN",0.69
"1132","2008-09","NJN",0.41
"1133","2007-08","NJN",0.75
"1134","2006-07","NJN",0.72
"1135","2005-06","NJN",0.86
"1136","2004-05","NJN",0.43
"1137","2003-04","NJN",0.95
"1138","2002-03","NJN",0.89
"1139","2001-02","NJN",0.41
"1140","2000-01","NJN",0.61
"1141","1999-00","NJN",0.86
"1142","1998-99","NJN",0.59
"1143","1997-98","NJN",0.63
"1144","1996-97","NJN",0.42
"1145","1995-96","NJN",0.67
"1146","1994-95","NJN",0.87
"1147","1993-94","NJN",0.45
"1148","1992-93","NJN",0.75
"1149","1991-92","NJN",0.86
"1150","1990-91","NJN",0.56
"1151","1989-90","NJN",0.54
"1152","1988-89","NJN",0.41
"1153","1987-88","NJN",0.46
"1154","1986-87","NJN",0.43
"1155","1985-86","NJN",0.91
"1156","1984-85","NJN",0.82
"1157","1983-84","NJN",0.86
"1158","1982-83","NJN",0.73
"1159","1981-82","NJN",0.36
"1160","1980-81","NJN",0.5
"1161","1979-80","NJN",0.51
"1162","1978-79","NJN",0.74
"1163","1977-78","NJN",0.29
"1164","1976-77","NJN",NA
"1165","1975-76","NJN",NA
"1166","1974-75","NJN",NA
"1167","1973-74","NJN",NA
"1168","1972-73","NJN",NA
"1169","1971-72","NJN",NA
"1170","1970-71","NJN",NA
"1171","1969-70","NJN",NA
"1172","1968-69","NJN",NA
"1173","1967-68","NJN",NA
"1174","1966-67","NJN",NA
"1175","1965-66","NJN",NA
"1176","1964-65","NJN",NA
"1177","1963-64","NJN",NA
"1178","1962-63","NJN",NA
"1179","1961-62","NJN",NA
"1180","1960-61","NJN",NA
"1181","1959-60","NJN",NA
"1182","1958-59","NJN",NA
"1183","1957-58","NJN",NA
"1184","1956-57","NJN",NA
"1185","1955-56","NJN",NA
"1186","1954-55","NJN",NA
"1187","1953-54","NJN",NA
"1188","1952-53","NJN",NA
"1189","2017-18","NOH",0.6
"1190","2016-17","NOH",0.48
"1191","2015-16","NOH",0.79
"1192","2014-15","NOH",0.66
"1193","2013-14","NOH",0.61
"1194","2012-13","NOH",0.41
"1195","2011-12","NOH",0.48
"1196","2010-11","NOH",0.45
"1197","2009-10","NOH",0.58
"1198","2008-09","NOH",0.77
"1199","2007-08","NOH",0.78
"1200","2006-07","NOH",0.55
"1201","2005-06","NOH",0.47
"1202","2004-05","NOH",0.35
"1203","2003-04","NOH",0.76
"1204","2002-03","NOH",NA
"1205","2001-02","NOH",NA
"1206","2000-01","NOH",NA
"1207","1999-00","NOH",NA
"1208","1998-99","NOH",NA
"1209","1997-98","NOH",NA
"1210","1996-97","NOH",NA
"1211","1995-96","NOH",NA
"1212","1994-95","NOH",NA
"1213","1993-94","NOH",NA
"1214","1992-93","NOH",NA
"1215","1991-92","NOH",NA
"1216","1990-91","NOH",NA
"1217","1989-90","NOH",NA
"1218","1988-89","NOH",NA
"1219","1987-88","NOH",NA
"1220","1986-87","NOH",NA
"1221","1985-86","NOH",NA
"1222","1984-85","NOH",NA
"1223","1983-84","NOH",NA
"1224","1982-83","NOH",NA
"1225","1981-82","NOH",NA
"1226","1980-81","NOH",NA
"1227","1979-80","NOH",NA
"1228","1978-79","NOH",NA
"1229","1977-78","NOH",NA
"1230","1976-77","NOH",NA
"1231","1975-76","NOH",NA
"1232","1974-75","NOH",NA
"1233","1973-74","NOH",NA
"1234","1972-73","NOH",NA
"1235","1971-72","NOH",NA
"1236","1970-71","NOH",NA
"1237","1969-70","NOH",NA
"1238","1968-69","NOH",NA
"1239","1967-68","NOH",NA
"1240","1966-67","NOH",NA
"1241","1965-66","NOH",NA
"1242","1964-65","NOH",NA
"1243","1963-64","NOH",NA
"1244","1962-63","NOH",NA
"1245","1961-62","NOH",NA
"1246","1960-61","NOH",NA
"1247","1959-60","NOH",NA
"1248","1958-59","NOH",NA
"1249","1957-58","NOH",NA
"1250","1956-57","NOH",NA
"1251","1955-56","NOH",NA
"1252","1954-55","NOH",NA
"1253","1953-54","NOH",NA
"1254","1952-53","NOH",NA
"1255","2017-18","NYK",0.37
"1256","2016-17","NYK",0.37
"1257","2015-16","NYK",0.42
"1258","2014-15","NYK",0.39
"1259","2013-14","NYK",0.73
"1260","2012-13","NYK",0.54
"1261","2011-12","NYK",0.47
"1262","2010-11","NYK",0.34
"1263","2009-10","NYK",0.78
"1264","2008-09","NYK",0.61
"1265","2007-08","NYK",0.76
"1266","2006-07","NYK",0.84
"1267","2005-06","NYK",0.43
"1268","2004-05","NYK",0.66
"1269","2003-04","NYK",0.52
"1270","2002-03","NYK",0.92
"1271","2001-02","NYK",0.8
"1272","2000-01","NYK",0.76
"1273","1999-00","NYK",0.94
"1274","1998-99","NYK",0.69
"1275","1997-98","NYK",0.8
"1276","1996-97","NYK",0.49
"1277","1995-96","NYK",0.89
"1278","1994-95","NYK",0.97
"1279","1993-94","NYK",0.86
"1280","1992-93","NYK",0.6
"1281","1991-92","NYK",0.68
"1282","1990-91","NYK",0.89
"1283","1989-90","NYK",0.95
"1284","1988-89","NYK",0.73
"1285","1987-88","NYK",0.6
"1286","1986-87","NYK",0.73
"1287","1985-86","NYK",0.68
"1288","1984-85","NYK",0.62
"1289","1983-84","NYK",0.76
"1290","1982-83","NYK",0.37
"1291","1981-82","NYK",0.61
"1292","1980-81","NYK",0.76
"1293","1979-80","NYK",0.61
"1294","1978-79","NYK",0.66
"1295","1977-78","NYK",0.71
"1296","1976-77","NYK",0.54
"1297","1975-76","NYK",0.77
"1298","1974-75","NYK",0.93
"1299","1973-74","NYK",0.98
"1300","1972-73","NYK",0.94
"1301","1971-72","NYK",0.68
"1302","1970-71","NYK",0.93
"1303","1969-70","NYK",0.92
"1304","1968-69","NYK",0.84
"1305","1967-68","NYK",0.81
"1306","1966-67","NYK",0.84
"1307","1965-66","NYK",0.44
"1308","1964-65","NYK",0.51
"1309","1963-64","NYK",0.45
"1310","1962-63","NYK",0.54
"1311","1961-62","NYK",0.74
"1312","1960-61","NYK",0.74
"1313","1959-60","NYK",0.77
"1314","1958-59","NYK",0.79
"1315","1957-58","NYK",0.75
"1316","1956-57","NYK",0.71
"1317","1955-56","NYK",0.79
"1318","1954-55","NYK",0.71
"1319","1953-54","NYK",0.81
"1320","1952-53","NYK",0.84
"1321","2017-18","OKC",0.52
"1322","2016-17","OKC",0.53
"1323","2015-16","OKC",0.93
"1324","2014-15","OKC",0.66
"1325","2013-14","OKC",0.89
"1326","2012-13","OKC",0.8
"1327","2011-12","OKC",0.93
"1328","2010-11","OKC",0.91
"1329","2009-10","OKC",0.76
"1330","2008-09","OKC",0.58
"1331","2007-08","OKC",0.56
"1332","2006-07","OKC",0.91
"1333","2005-06","OKC",0.82
"1334","2004-05","OKC",0.84
"1335","2003-04","OKC",0.84
"1336","2002-03","OKC",0.76
"1337","2001-02","OKC",0.7
"1338","2000-01","OKC",0.79
"1339","1999-00","OKC",0.44
"1340","1998-99","OKC",0.69
"1341","1997-98","OKC",0.62
"1342","1996-97","OKC",0.78
"1343","1995-96","OKC",0.75
"1344","1994-95","OKC",0.9
"1345","1993-94","OKC",0.72
"1346","1992-93","OKC",0.88
"1347","1991-92","OKC",0.94
"1348","1990-91","OKC",0.7
"1349","1989-90","OKC",0.77
"1350","1988-89","OKC",0.78
"1351","1987-88","OKC",0.81
"1352","1986-87","OKC",0.41
"1353","1985-86","OKC",0.8
"1354","1984-85","OKC",0.62
"1355","1983-84","OKC",0.54
"1356","1982-83","OKC",0.86
"1357","1981-82","OKC",0.7
"1358","1980-81","OKC",0.72
"1359","1979-80","OKC",0.95
"1360","1978-79","OKC",0.79
"1361","1977-78","OKC",0.33
"1362","1976-77","OKC",0.61
"1363","1975-76","OKC",0.61
"1364","1974-75","OKC",0.5
"1365","1973-74","OKC",0.74
"1366","1972-73","OKC",0.55
"1367","1971-72","OKC",0.97
"1368","1970-71","OKC",0.56
"1369","1969-70","OKC",0.55
"1370","1968-69","OKC",0.47
"1371","1967-68","OKC",NA
"1372","1966-67","OKC",NA
"1373","1965-66","OKC",NA
"1374","1964-65","OKC",NA
"1375","1963-64","OKC",NA
"1376","1962-63","OKC",NA
"1377","1961-62","OKC",NA
"1378","1960-61","OKC",NA
"1379","1959-60","OKC",NA
"1380","1958-59","OKC",NA
"1381","1957-58","OKC",NA
"1382","1956-57","OKC",NA
"1383","1955-56","OKC",NA
"1384","1954-55","OKC",NA
"1385","1953-54","OKC",NA
"1386","1952-53","OKC",NA
"1387","2017-18","ORL",0.62
"1388","2016-17","ORL",0.56
"1389","2015-16","ORL",0.76
"1390","2014-15","ORL",0.52
"1391","2013-14","ORL",0.81
"1392","2012-13","ORL",0.26
"1393","2011-12","ORL",0.84
"1394","2010-11","ORL",0.64
"1395","2009-10","ORL",0.61
"1396","2008-09","ORL",0.64
"1397","2007-08","ORL",0.69
"1398","2006-07","ORL",0.92
"1399","2005-06","ORL",0.83
"1400","2004-05","ORL",0.11
"1401","2003-04","ORL",0.42
"1402","2002-03","ORL",0.68
"1403","2001-02","ORL",0.78
"1404","2000-01","ORL",0.56
"1405","1999-00","ORL",0.33
"1406","1998-99","ORL",0.7
"1407","1997-98","ORL",0.63
"1408","1996-97","ORL",0.62
"1409","1995-96","ORL",0.87
"1410","1994-95","ORL",0.76
"1411","1993-94","ORL",0.76
"1412","1992-93","ORL",0.62
"1413","1991-92","ORL",0.74
"1414","1990-91","ORL",0.76
"1415","1989-90","ORL",NA
"1416","1988-89","ORL",NA
"1417","1987-88","ORL",NA
"1418","1986-87","ORL",NA
"1419","1985-86","ORL",NA
"1420","1984-85","ORL",NA
"1421","1983-84","ORL",NA
"1422","1982-83","ORL",NA
"1423","1981-82","ORL",NA
"1424","1980-81","ORL",NA
"1425","1979-80","ORL",NA
"1426","1978-79","ORL",NA
"1427","1977-78","ORL",NA
"1428","1976-77","ORL",NA
"1429","1975-76","ORL",NA
"1430","1974-75","ORL",NA
"1431","1973-74","ORL",NA
"1432","1972-73","ORL",NA
"1433","1971-72","ORL",NA
"1434","1970-71","ORL",NA
"1435","1969-70","ORL",NA
"1436","1968-69","ORL",NA
"1437","1967-68","ORL",NA
"1438","1966-67","ORL",NA
"1439","1965-66","ORL",NA
"1440","1964-65","ORL",NA
"1441","1963-64","ORL",NA
"1442","1962-63","ORL",NA
"1443","1961-62","ORL",NA
"1444","1960-61","ORL",NA
"1445","1959-60","ORL",NA
"1446","1958-59","ORL",NA
"1447","1957-58","ORL",NA
"1448","1956-57","ORL",NA
"1449","1955-56","ORL",NA
"1450","1954-55","ORL",NA
"1451","1953-54","ORL",NA
"1452","1952-53","ORL",NA
"1453","2017-18","PHI",0.61
"1454","2016-17","PHI",0.5
"1455","2015-16","PHI",0.63
"1456","2014-15","PHI",0.29
"1457","2013-14","PHI",0.37
"1458","2012-13","PHI",0.63
"1459","2011-12","PHI",0.9
"1460","2010-11","PHI",0.75
"1461","2009-10","PHI",0.73
"1462","2008-09","PHI",0.8
"1463","2007-08","PHI",0.75
"1464","2006-07","PHI",0.72
"1465","2005-06","PHI",0.86
"1466","2004-05","PHI",0.71
"1467","2003-04","PHI",0.65
"1468","2002-03","PHI",0.54
"1469","2001-02","PHI",0.51
"1470","2000-01","PHI",0.9
"1471","1999-00","PHI",0.84
"1472","1998-99","PHI",0.54
"1473","1997-98","PHI",0.48
"1474","1996-97","PHI",0.53
"1475","1995-96","PHI",0.35
"1476","1994-95","PHI",0.53
"1477","1993-94","PHI",0.45
"1478","1992-93","PHI",0.51
"1479","1991-92","PHI",0.84
"1480","1990-91","PHI",0.58
"1481","1989-90","PHI",0.69
"1482","1988-89","PHI",0.6
"1483","1987-88","PHI",0.66
"1484","1986-87","PHI",0.46
"1485","1985-86","PHI",0.82
"1486","1984-85","PHI",0.82
"1487","1983-84","PHI",0.88
"1488","1982-83","PHI",0.66
"1489","1981-82","PHI",0.94
"1490","1980-81","PHI",0.87
"1491","1979-80","PHI",0.88
"1492","1978-79","PHI",0.69
"1493","1977-78","PHI",0.98
"1494","1976-77","PHI",0.58
"1495","1975-76","PHI",0.71
"1496","1974-75","PHI",0.63
"1497","1973-74","PHI",0.59
"1498","1972-73","PHI",0.26
"1499","1971-72","PHI",0.5
"1500","1970-71","PHI",0.75
"1501","1969-70","PHI",0.82
"1502","1968-69","PHI",0.72
"1503","1967-68","PHI",0.98
"1504","1966-67","PHI",0.87
"1505","1965-66","PHI",0.73
"1506","1964-65","PHI",0.75
"1507","1963-64","PHI",0.91
"1508","1962-63","PHI",0.81
"1509","1961-62","PHI",0.82
"1510","1960-61","PHI",0.79
"1511","1959-60","PHI",0.89
"1512","1958-59","PHI",0.82
"1513","1957-58","PHI",0.74
"1514","1956-57","PHI",0.68
"1515","1955-56","PHI",0.92
"1516","1954-55","PHI",0.68
"1517","1953-54","PHI",0.77
"1518","1952-53","PHI",0.83
"1519","2017-18","PHO",0.64
"1520","2016-17","PHO",0.68
"1521","2015-16","PHO",0.53
"1522","2014-15","PHO",0.81
"1523","2013-14","PHO",0.46
"1524","2012-13","PHO",0.41
"1525","2011-12","PHO",0.7
"1526","2010-11","PHO",0.61
"1527","2009-10","PHO",0.85
"1528","2008-09","PHO",0.63
"1529","2007-08","PHO",0.76
"1530","2006-07","PHO",0.95
"1531","2005-06","PHO",0.41
"1532","2004-05","PHO",0.59
"1533","2003-04","PHO",0.75
"1534","2002-03","PHO",0.73
"1535","2001-02","PHO",0.53
"1536","2000-01","PHO",0.63
"1537","1999-00","PHO",0.56
"1538","1998-99","PHO",0.62
"1539","1997-98","PHO",0.66
"1540","1996-97","PHO",0.59
"1541","1995-96","PHO",0.68
"1542","1994-95","PHO",0.7
"1543","1993-94","PHO",0.77
"1544","1992-93","PHO",0.56
"1545","1991-92","PHO",0.95
"1546","1990-91","PHO",0.78
"1547","1989-90","PHO",0.83
"1548","1988-89","PHO",0.69
"1549","1987-88","PHO",0.57
"1550","1986-87","PHO",0.74
"1551","1985-86","PHO",0.79
"1552","1984-85","PHO",0.73
"1553","1983-84","PHO",0.81
"1554","1982-83","PHO",0.73
"1555","1981-82","PHO",0.89
"1556","1980-81","PHO",0.78
"1557","1979-80","PHO",0.88
"1558","1978-79","PHO",0.83
"1559","1977-78","PHO",0.55
"1560","1976-77","PHO",0.7
"1561","1975-76","PHO",0.44
"1562","1974-75","PHO",0.54
"1563","1973-74","PHO",0.64
"1564","1972-73","PHO",0.84
"1565","1971-72","PHO",0.81
"1566","1970-71","PHO",0.66
"1567","1969-70","PHO",0.46
"1568","1968-69","PHO",NA
"1569","1967-68","PHO",NA
"1570","1966-67","PHO",NA
"1571","1965-66","PHO",NA
"1572","1964-65","PHO",NA
"1573","1963-64","PHO",NA
"1574","1962-63","PHO",NA
"1575","1961-62","PHO",NA
"1576","1960-61","PHO",NA
"1577","1959-60","PHO",NA
"1578","1958-59","PHO",NA
"1579","1957-58","PHO",NA
"1580","1956-57","PHO",NA
"1581","1955-56","PHO",NA
"1582","1954-55","PHO",NA
"1583","1953-54","PHO",NA
"1584","1952-53","PHO",NA
"1585","2017-18","POR",0.93
"1586","2016-17","POR",0.85
"1587","2015-16","POR",0.47
"1588","2014-15","POR",0.8
"1589","2013-14","POR",0.65
"1590","2012-13","POR",0.57
"1591","2011-12","POR",0.59
"1592","2010-11","POR",0.78
"1593","2009-10","POR",0.7
"1594","2008-09","POR",0.72
"1595","2007-08","POR",0.74
"1596","2006-07","POR",0.52
"1597","2005-06","POR",0.61
"1598","2004-05","POR",0.69
"1599","2003-04","POR",0.77
"1600","2002-03","POR",0.81
"1601","2001-02","POR",0.71
"1602","2000-01","POR",0.81
"1603","1999-00","POR",0.63
"1604","1998-99","POR",0.83
"1605","1997-98","POR",0.64
"1606","1996-97","POR",0.52
"1607","1995-96","POR",0.77
"1608","1994-95","POR",0.88
"1609","1993-94","POR",0.84
"1610","1992-93","POR",0.73
"1611","1991-92","POR",0.94
"1612","1990-91","POR",0.88
"1613","1989-90","POR",0.64
"1614","1988-89","POR",0.82
"1615","1987-88","POR",0.84
"1616","1986-87","POR",0.8
"1617","1985-86","POR",0.82
"1618","1984-85","POR",0.6
"1619","1983-84","POR",0.92
"1620","1982-83","POR",0.56
"1621","1981-82","POR",0.79
"1622","1980-81","POR",0.69
"1623","1979-80","POR",0.62
"1624","1978-79","POR",0.69
"1625","1977-78","POR",0.85
"1626","1976-77","POR",0.47
"1627","1975-76","POR",0.72
"1628","1974-75","POR",0.77
"1629","1973-74","POR",0.66
"1630","1972-73","POR",0.48
"1631","1971-72","POR",0.62
"1632","1970-71","POR",NA
"1633","1969-70","POR",NA
"1634","1968-69","POR",NA
"1635","1967-68","POR",NA
"1636","1966-67","POR",NA
"1637","1965-66","POR",NA
"1638","1964-65","POR",NA
"1639","1963-64","POR",NA
"1640","1962-63","POR",NA
"1641","1961-62","POR",NA
"1642","1960-61","POR",NA
"1643","1959-60","POR",NA
"1644","1958-59","POR",NA
"1645","1957-58","POR",NA
"1646","1956-57","POR",NA
"1647","1955-56","POR",NA
"1648","1954-55","POR",NA
"1649","1953-54","POR",NA
"1650","1952-53","POR",NA
"1651","2017-18","SAC",0.44
"1652","2016-17","SAC",0.47
"1653","2015-16","SAC",0.52
"1654","2014-15","SAC",0.7
"1655","2013-14","SAC",0.53
"1656","2012-13","SAC",0.81
"1657","2011-12","SAC",0.58
"1658","2010-11","SAC",0.61
"1659","2009-10","SAC",0.58
"1660","2008-09","SAC",0.66
"1661","2007-08","SAC",0.67
"1662","2006-07","SAC",0.85
"1663","2005-06","SAC",0.62
"1664","2004-05","SAC",0.63
"1665","2003-04","SAC",0.69
"1666","2002-03","SAC",0.81
"1667","2001-02","SAC",0.83
"1668","2000-01","SAC",0.71
"1669","1999-00","SAC",0.76
"1670","1998-99","SAC",0.29
"1671","1997-98","SAC",0.54
"1672","1996-97","SAC",0.87
"1673","1995-96","SAC",0.68
"1674","1994-95","SAC",0.76
"1675","1993-94","SAC",0.76
"1676","1992-93","SAC",0.77
"1677","1991-92","SAC",0.54
"1678","1990-91","SAC",0.2
"1679","1989-90","SAC",0.75
"1680","1988-89","SAC",0.49
"1681","1987-88","SAC",0.68
"1682","1986-87","SAC",0.76
"1683","1985-86","SAC",0.81
"1684","1984-85","SAC",0.87
"1685","1983-84","SAC",0.63
"1686","1982-83","SAC",0.73
"1687","1981-82","SAC",0.44
"1688","1980-81","SAC",0.73
"1689","1979-80","SAC",0.76
"1690","1978-79","SAC",0.65
"1691","1977-78","SAC",0.59
"1692","1976-77","SAC",0.44
"1693","1975-76","SAC",0.79
"1694","1974-75","SAC",0.81
"1695","1973-74","SAC",0.59
"1696","1972-73","SAC",0.72
"1697","1971-72","SAC",0.55
"1698","1970-71","SAC",0.44
"1699","1969-70","SAC",0.53
"1700","1968-69","SAC",0.88
"1701","1967-68","SAC",0.78
"1702","1966-67","SAC",0.79
"1703","1965-66","SAC",0.91
"1704","1964-65","SAC",0.95
"1705","1963-64","SAC",0.76
"1706","1962-63","SAC",0.86
"1707","1961-62","SAC",0.84
"1708","1960-61","SAC",0.63
"1709","1959-60","SAC",0.67
"1710","1958-59","SAC",0.26
"1711","1957-58","SAC",0.54
"1712","1956-57","SAC",0.67
"1713","1955-56","SAC",0.33
"1714","1954-55","SAC",0.78
"1715","1953-54","SAC",0.96
"1716","1952-53","SAC",0.78
"1717","2017-18","SAS",0.87
"1718","2016-17","SAS",0.69
"1719","2015-16","SAS",0.69
"1720","2014-15","SAS",0.98
"1721","2013-14","SAS",0.83
"1722","2012-13","SAS",0.95
"1723","2011-12","SAS",0.79
"1724","2010-11","SAS",0.82
"1725","2009-10","SAS",0.61
"1726","2008-09","SAS",0.77
"1727","2007-08","SAS",0.87
"1728","2006-07","SAS",0.84
"1729","2005-06","SAS",0.82
"1730","2004-05","SAS",0.76
"1731","2003-04","SAS",0.62
"1732","2002-03","SAS",0.81
"1733","2001-02","SAS",0.59
"1734","2000-01","SAS",0.75
"1735","1999-00","SAS",0.83
"1736","1998-99","SAS",0.71
"1737","1997-98","SAS",0.59
"1738","1996-97","SAS",0.75
"1739","1995-96","SAS",0.8
"1740","1994-95","SAS",0.54
"1741","1993-94","SAS",0.72
"1742","1992-93","SAS",0.54
"1743","1991-92","SAS",0.72
"1744","1990-91","SAS",0.7
"1745","1989-90","SAS",0.27
"1746","1988-89","SAS",0.43
"1747","1987-88","SAS",0.7
"1748","1986-87","SAS",0.62
"1749","1985-86","SAS",0.51
"1750","1984-85","SAS",0.73
"1751","1983-84","SAS",0.68
"1752","1982-83","SAS",0.64
"1753","1981-82","SAS",0.64
"1754","1980-81","SAS",0.57
"1755","1979-80","SAS",0.65
"1756","1978-79","SAS",0.98
"1757","1977-78","SAS",0.9
"1758","1976-77","SAS",NA
"1759","1975-76","SAS",NA
"1760","1974-75","SAS",NA
"1761","1973-74","SAS",NA
"1762","1972-73","SAS",NA
"1763","1971-72","SAS",NA
"1764","1970-71","SAS",NA
"1765","1969-70","SAS",NA
"1766","1968-69","SAS",NA
"1767","1967-68","SAS",NA
"1768","1966-67","SAS",NA
"1769","1965-66","SAS",NA
"1770","1964-65","SAS",NA
"1771","1963-64","SAS",NA
"1772","1962-63","SAS",NA
"1773","1961-62","SAS",NA
"1774","1960-61","SAS",NA
"1775","1959-60","SAS",NA
"1776","1958-59","SAS",NA
"1777","1957-58","SAS",NA
"1778","1956-57","SAS",NA
"1779","1955-56","SAS",NA
"1780","1954-55","SAS",NA
"1781","1953-54","SAS",NA
"1782","1952-53","SAS",NA
"1783","2017-18","TOR",0.84
"1784","2016-17","TOR",0.84
"1785","2015-16","TOR",0.62
"1786","2014-15","TOR",0.82
"1787","2013-14","TOR",0.68
"1788","2012-13","TOR",0.55
"1789","2011-12","TOR",0.78
"1790","2010-11","TOR",0.59
"1791","2009-10","TOR",0.38
"1792","2008-09","TOR",0.78
"1793","2007-08","TOR",0.71
"1794","2006-07","TOR",0.37
"1795","2005-06","TOR",0.54
"1796","2004-05","TOR",0.66
"1797","2003-04","TOR",0.38
"1798","2002-03","TOR",0.67
"1799","2001-02","TOR",0.9
"1800","2000-01","TOR",0.64
"1801","1999-00","TOR",0.72
"1802","1998-99","TOR",0.58
"1803","1997-98","TOR",0.67
"1804","1996-97","TOR",0.5
"1805","1995-96","TOR",NA
"1806","1994-95","TOR",NA
"1807","1993-94","TOR",NA
"1808","1992-93","TOR",NA
"1809","1991-92","TOR",NA
"1810","1990-91","TOR",NA
"1811","1989-90","TOR",NA
"1812","1988-89","TOR",NA
"1813","1987-88","TOR",NA
"1814","1986-87","TOR",NA
"1815","1985-86","TOR",NA
"1816","1984-85","TOR",NA
"1817","1983-84","TOR",NA
"1818","1982-83","TOR",NA
"1819","1981-82","TOR",NA
"1820","1980-81","TOR",NA
"1821","1979-80","TOR",NA
"1822","1978-79","TOR",NA
"1823","1977-78","TOR",NA
"1824","1976-77","TOR",NA
"1825","1975-76","TOR",NA
"1826","1974-75","TOR",NA
"1827","1973-74","TOR",NA
"1828","1972-73","TOR",NA
"1829","1971-72","TOR",NA
"1830","1970-71","TOR",NA
"1831","1969-70","TOR",NA
"1832","1968-69","TOR",NA
"1833","1967-68","TOR",NA
"1834","1966-67","TOR",NA
"1835","1965-66","TOR",NA
"1836","1964-65","TOR",NA
"1837","1963-64","TOR",NA
"1838","1962-63","TOR",NA
"1839","1961-62","TOR",NA
"1840","1960-61","TOR",NA
"1841","1959-60","TOR",NA
"1842","1958-59","TOR",NA
"1843","1957-58","TOR",NA
"1844","1956-57","TOR",NA
"1845","1955-56","TOR",NA
"1846","1954-55","TOR",NA
"1847","1953-54","TOR",NA
"1848","1952-53","TOR",NA
"1849","2017-18","UTA",0.51
"1850","2016-17","UTA",0.7
"1851","2015-16","UTA",0.77
"1852","2014-15","UTA",0.61
"1853","2013-14","UTA",0.62
"1854","2012-13","UTA",0.73
"1855","2011-12","UTA",0.77
"1856","2010-11","UTA",0.5
"1857","2009-10","UTA",0.86
"1858","2008-09","UTA",0.92
"1859","2007-08","UTA",0.88
"1860","2006-07","UTA",0.74
"1861","2005-06","UTA",0.66
"1862","2004-05","UTA",0.54
"1863","2003-04","UTA",0.58
"1864","2002-03","UTA",0.62
"1865","2001-02","UTA",0.76
"1866","2000-01","UTA",0.66
"1867","1999-00","UTA",0.79
"1868","1998-99","UTA",0.91
"1869","1997-98","UTA",0.98
"1870","1996-97","UTA",0.92
"1871","1995-96","UTA",0.8
"1872","1994-95","UTA",0.76
"1873","1993-94","UTA",0.66
"1874","1992-93","UTA",0.8
"1875","1991-92","UTA",0.8
"1876","1990-91","UTA",0.83
"1877","1989-90","UTA",0.84
"1878","1988-89","UTA",0.83
"1879","1987-88","UTA",0.92
"1880","1986-87","UTA",0.73
"1881","1985-86","UTA",0.78
"1882","1984-85","UTA",0.85
"1883","1983-84","UTA",0.86
"1884","1982-83","UTA",0.64
"1885","1981-82","UTA",0.85
"1886","1980-81","UTA",0.5
"1887","1979-80","UTA",0.11
"1888","1978-79","UTA",0.74
"1889","1977-78","UTA",0.67
"1890","1976-77","UTA",0.85
"1891","1975-76","UTA",0.76
"1892","1974-75","UTA",NA
"1893","1973-74","UTA",NA
"1894","1972-73","UTA",NA
"1895","1971-72","UTA",NA
"1896","1970-71","UTA",NA
"1897","1969-70","UTA",NA
"1898","1968-69","UTA",NA
"1899","1967-68","UTA",NA
"1900","1966-67","UTA",NA
"1901","1965-66","UTA",NA
"1902","1964-65","UTA",NA
"1903","1963-64","UTA",NA
"1904","1962-63","UTA",NA
"1905","1961-62","UTA",NA
"1906","1960-61","UTA",NA
"1907","1959-60","UTA",NA
"1908","1958-59","UTA",NA
"1909","1957-58","UTA",NA
"1910","1956-57","UTA",NA
"1911","1955-56","UTA",NA
"1912","1954-55","UTA",NA
"1913","1953-54","UTA",NA
"1914","1952-53","UTA",NA
"1915","2017-18","WAS",0.82
"1916","2016-17","WAS",0.77
"1917","2015-16","WAS",0.75
"1918","2014-15","WAS",0.72
"1919","2013-14","WAS",0.77
"1920","2012-13","WAS",0.47
"1921","2011-12","WAS",0.69
"1922","2010-11","WAS",0.47
"1923","2009-10","WAS",0.59
"1924","2008-09","WAS",0.74
"1925","2007-08","WAS",0.89
"1926","2006-07","WAS",0.81
"1927","2005-06","WAS",0.66
"1928","2004-05","WAS",0.74
"1929","2003-04","WAS",0.65
"1930","2002-03","WAS",0.61
"1931","2001-02","WAS",0.67
"1932","2000-01","WAS",0.68
"1933","1999-00","WAS",0.63
"1934","1998-99","WAS",0.63
"1935","1997-98","WAS",0.84
"1936","1996-97","WAS",0.59
"1937","1995-96","WAS",0.53
"1938","1994-95","WAS",0.59
"1939","1993-94","WAS",0.64
"1940","1992-93","WAS",0.65
"1941","1991-92","WAS",0.55
"1942","1990-91","WAS",0.67
"1943","1989-90","WAS",0.88
"1944","1988-89","WAS",0.79
"1945","1987-88","WAS",0.66
"1946","1986-87","WAS",0.45
"1947","1985-86","WAS",0.69
"1948","1984-85","WAS",0.65
"1949","1983-84","WAS",0.76
"1950","1982-83","WAS",0.82
"1951","1981-82","WAS",0.48
"1952","1980-81","WAS",0.78
"1953","1979-80","WAS",0.8
"1954","1978-79","WAS",0.97
"1955","1977-78","WAS",0.75
"1956","1976-77","WAS",0.69
"1957","1975-76","WAS",0.82
"1958","1974-75","WAS",0.81
"1959","1973-74","WAS",0.82
"1960","1972-73","WAS",0.72
"1961","1971-72","WAS",0.46
"1962","1970-71","WAS",0.86
"1963","1969-70","WAS",0.85
"1964","1968-69","WAS",0.77
"1965","1967-68","WAS",0.77
"1966","1966-67","WAS",0.65
"1967","1965-66","WAS",0.56
"1968","1964-65","WAS",0.51
"1969","1963-64","WAS",0.53
"1970","1962-63","WAS",0.24
"1971","1961-62","WAS",NA
"1972","1960-61","WAS",NA
"1973","1959-60","WAS",NA
"1974","1958-59","WAS",NA
"1975","1957-58","WAS",NA
"1976","1956-57","WAS",NA
"1977","1955-56","WAS",NA
"1978","1954-55","WAS",NA
"1979","1953-54","WAS",NA
"1980","1952-53","WAS",NA
